name,latitude,longitude
1 Airport Rd,42.9273,-71.44903
1 Bow St,42.37223,-71.11567
1 Broadway,42.36232,-71.08323
1 Central Square,42.46392,-70.94389
1 Congress St,42.36131,-71.05784
1 Dodge St,42.57199,-70.89307
1 Hall Farm Rd,42.85463,-71.19612
1 Hospital Dr,42.64534,-71.30037
1 Mohawk Dr,42.84759,-71.36005
"1 PLACE VILLE-MARIE, MONTREAL, QC H3B3Y1",45.5018,-73.5676
1 Summer St,42.35516,-71.06055
1 White St,42.38871,-71.11895
10 Winthrop Sq,42.35516,-71.05774
10 Woburn St,42.44622,-71.22198
100 Atlantic Ave,42.51734,-71.14026
100 Cambridgeside Place,42.36714,-71.07613
100 City Hall Plaza,42.35914,-71.05954
100 Eddy Rd,42.99731,-71.47516
100 Marston St,42.71191,-71.13983
100 Mast Rd,43.01475,-71.5624
100 Powdermill Rd,42.44145,-71.42852
100 Shaws Ln,42.99736,-70.92699
1000 Osgood St,42.7135,-71.11832
1001 Cambridge St. Shell,42.37445,-71.10581
1001 Central St,42.49895,-71.74509
1008 Beacon St,42.34626,-71.1074
1008 W Hebron Pkwy,33.02077,-96.9162
101 Broadway,42.40986,-71.13952
101 Loudon Rd,43.21281,-71.51454
101 Route 101,42.94913,-71.51242
101 Summer St.,42.35352,-71.058
"1015 BOUL. VACHON N., SAINTE MARIE DE BEAUCE, QC G6E1M3",46.4462,-71.0272
1015 Elm Street,42.99344,-71.46292
1020 Commonwealth Ave,42.35156,-71.12171
"1020 RUE PRINCIPALE, GRANBY, QC J2J2N7",45.41658,-72.76043
1022 S Willow St,42.96217,-71.44008
103 Broad St,42.76973,-71.49149
103 Broadway,42.70586,-71.16882
103 Eastern Ave,42.62234,-70.64365
104 Portsmouth Ave,43.01676,-70.91639
"1040 Blvd Des Laurentides, Pont Viau,Laval, QC H7G2W1",45.57513,-73.69745
105 Chelmsford St,42.60262,-71.34595
105 North St,42.5263,-70.90096
"1050 LABELLE BLVD, ST JEROME, QC J7Z5N6",45.79371,-74.00856
106 Cambridge St,42.36105,-71.06309
10629 N Scottsdale Rd,33.58306,-111.926
1069 Main St,42.4327,-71.68632
"108 KENNEDY BLVD, LEVIS, QC G6V6C9",46.78676,-71.16431
108 Newbury St,42.53319,-70.99106
1081 Groham St,42.62615,-71.30753
1085 S Saint Francis Dr,35.6744,-105.9535
1089 Concord Tpke,42.44664,-71.35872
109 Daniel Webster Hwy,42.72865,-71.44829
11 Austin St,42.37525,-71.06521
"11 Mountain Street, Granby, QC J2G6R9",45.3988,-72.72007
110 Main St,42.5068,-71.10401
"110 RANG SAINT-FRANCOIS, TERREBONNE, QC J6Y1J5",45.6877,-73.78426
1100 Chester Pike,39.90868,-75.27399
1100 Mass Ave,42.32612,-71.06616
1105 Chestnut St,39.95034,-75.15882
1105 N Yarbrough Dr,31.75492,-106.3434
111 Causeway St,42.36523,-71.06139
111 State Street,42.35898,-71.05472
1113 Market St,39.95188,-75.15861
112 Elliott St,42.55497,-70.88353
112 Mall Rd,42.48549,-71.21599
1131 Tremont St,42.33513,-71.08858
1138 Washington St,42.34377,-71.0659
1146 E Main St,33.41538,-111.806
115 Forsyth St.,42.33783,-71.09007
116 Lewis St,42.46577,-70.93017
116 Main St,42.66511,-71.57857
1165 W. Baltimore Pike,39.91319,-75.43729
117 Great Rd,42.43313,-71.48555
117 Newbury St,42.53457,-70.98953
117 S 16th St,39.95055,-75.1672
117 Thoreau Street,42.45645,-71.35655
"117 Thoreau Street, Concord, MA 01742",42.45635,-71.35664
"1170 AUTOROUTE 13, LAVAL, QC H7X5C9",45.55156,-73.74463
11725 Bustleton Ave.,40.1192,-75.01763
119 East Hollis St.,42.76135,-71.44941
119 Plaistow Rd,42.83985,-71.10756
1191 Main St,42.45634,-71.39148
1198 Mammoth Rd,42.68307,-71.3548
12 Nashua Road,42.87287,-71.33773
12 Ocean Blvd,42.87212,-70.81812
12 Washington St,42.32506,-71.2594
"1200 Boul. Des Seigneurs, Terrebonne, QC J6W3W4",45.70039,-73.64624
1201 Broadway,42.46371,-71.02519
1204 Broadway,42.4583,-71.02376
"12049 SHERBROOKE EST, MONTREAL, PAT, QC H1B1C6",45.64376,-73.51397
121 S Main St,43.19818,-71.53118
1220 Main Street,42.60734,-71.22707
12200 Research Blvd Ste 100,30.425,-97.7518
123 Bridge St,42.72171,-71.32003
123 Nutt Rd,40.12402,-75.51355
1234 Massachusetts Ave,42.42369,-71.17699
12375 Academy Rd,40.0962,-74.97603
125 Main St,42.63082,-70.77535
125 Nashua St,42.36751,-71.06675
125 State Route 101a,42.80688,-71.56786
1250 Bethlehem Pike,40.28721,-75.26541
1250 Washington St,42.34917,-71.225
1252 Route 73 N,39.99656,-75.03263
1255 E Old Lincoln Highway,40.16457,-74.93871
126 Route 125,42.89693,-71.0748
126 S. 69th St,39.95755,-75.25825
126 State Route 101a,42.80704,-71.56738
1265 S Willow St,42.95899,-71.43695
"127 RENE-LEPAGE BLVD E, RIMOUSKI, QC G5L1P1",48.45507,-68.52465
127 Tremont St,42.35665,-71.06203
1278 Lawrence Rd,40.26585,-74.74034
1284 Hooksett Rd,43.05063,-71.43769
1289 Water St,42.5598,-71.77652
129 Main St,42.70247,-71.13066
129 Whalon St,42.55354,-71.78447
13 Main St,42.5661,-71.10803
13 Maverick Sq,42.36878,-71.03929
130 Broadway,42.38914,-71.04083
130 E Highway 550,35.31903,-106.546
130 N Chester Ave,40.04012,-74.97184
130 Washington St,42.61661,-70.66956
1316 Beacon St,42.34244,-71.12102
132 Main St,42.40535,-71.06187
132 W Dekalb Pike,40.0945,-75.3642
1324 Walnut St,39.94907,-75.16338
1325 E Washington Ln,40.05825,-75.16566
1326 Hooksett Rd,43.05651,-71.44114
13328 Philmont Rd,40.13001,-75.01784
1335 W University Dr,33.42184,-111.9592
134 N Broadway,42.78611,-71.23221
134 Newton Rd,42.82888,-71.0588
1345 W Olney Ave,40.03901,-75.14388
1350 Tremont St,42.33248,-71.09277
137 Rockingham Rd,42.91622,-71.36832
1373 Lakeview Ave,42.67157,-71.32963
"1373 Lakeview Ave, Dracut, MA 01826",42.67151,-71.32974
139 Endicott St,42.54967,-70.93271
139 River Rd,42.69018,-71.20974
14 Mcgrath Hwy,42.37541,-71.08567
1401 S 10th St,39.93168,-75.16094
141 Massachusetts Ave,42.42592,-71.19532
1410 Route 38,39.93725,-75.03692
1412 W Hwy 76,36.64027,-93.24406
1420 Admiral Wilson,39.94085,-75.10349
1420 Boylston St,42.34356,-71.10093
1425 Mass Ave,42.48618,-71.54062
1425 W. Street Rd,40.21916,-75.12114
143 Elm St,42.83683,-71.66236
143 Washington St,42.38405,-71.56998
145 Broadway,42.40562,-71.01534
145 Dartmouth St,42.34716,-71.07581
145 Haddon Ave,39.92156,-75.08441
145 Thorndike St,42.63627,-71.31298
147 Pelham St,42.72743,-71.20115
148 Newburyport Tpke,42.7029,-70.9104
1495 E High St,40.24407,-75.61579
15 Dover Rd,43.23464,-71.38464
15 E Plain St,42.32124,-71.36381
15 Lafayette Rd,42.8434,-70.86095
15 Portsmouth Ave,42.99551,-70.92534
15 S Broadway,42.78006,-71.22797
15 S Main Street,42.77259,-71.07618
15 West Street,42.56207,-70.81378
150 Bridge St,42.72632,-71.3186
1500 Garrett Rd.,39.95516,-75.27378
1500 Market St,39.95246,-75.16555
1500 S Willow St,42.95491,-71.43573
1500 Spring Garden St.,39.96253,-75.16333
1501 N 52nd St,39.97748,-75.2264
1501 W Southwest Loop 323,32.30344,-95.318
1505 Middlesex St,42.63733,-71.34632
1507 Chestnut St,39.95124,-75.16587
151 Vfw Pkwy,42.41155,-70.99541
151 W. Main St.,40.11538,-75.34634
152 Washington St,42.52063,-70.89572
153 Endicott St,42.54882,-70.93939
153 Massachusetts Ave,42.34631,-71.08747
1539 Broadway,42.44908,-71.02678
154 Highland Ave,42.38834,-71.10374
154 Main St,42.41415,-71.11047
1551 Washington Ave,39.93831,-75.16921
"1555 BOUL. MONTARVILLE, BOUCHERVILLE, QC J4B8T3",45.56796,-73.40747
1580 Columbus Blvd,39.92771,-75.14515
"1598 SUD COWANSVILLE, COWANSVILLE, QC J2X2X2",45.30249,-73.24367
16 Kneeland St,42.35087,-71.06245
16 Park St,42.56101,-71.59055
16 S Broadway St,39.94382,-75.11902
16 Tremont St.,42.3585,-71.05986
160 Littleton Rd,42.56865,-71.42095
160 N. Gulph Rd,40.08549,-75.39308
160 Rockingham Rd,42.86248,-71.28739
1600 North Olden Ave,40.24417,-74.75883
1600 S Sunnylane Rd,35.4496,-97.4415
1601 West High St.,40.24645,-75.68835
1602 Elm St,43.00102,-71.46467
161 Pleasant St,42.50044,-70.85877
1615 E Lincoln Hwy,40.1723,-74.89048
1619 Grant Ave,40.08708,-75.04047
162 Washington St,42.52047,-70.93282
1620 Tremont St,42.3337,-71.10379
1625 Princeton Pike,40.24279,-74.74998
163 Howe St.,42.75197,-71.17275
163 W Lancaster Ave,40.00965,-75.29429
1630 Wadsworth Ave,40.08104,-75.1717
1631 Tremont St,42.33396,-71.10379
164 Main St,42.46583,-71.02721
1641 Sudbury Rd,42.42194,-71.37171
1655 W Valencia Rd,32.1336,-111.0
"1661 ROUTE DE L&amp;apos;AEROPORT, ANCIENNE LORETTE, QC G2G1V6",46.79953,-71.3704
167 State St,42.80195,-70.87377
1671 Beacon St,42.33852,-71.13766
169 Ocean Blvd,42.9096,-70.81102
1699 Shawsheen Rd,42.62011,-71.18419
17 Elm St,42.66511,-71.70709
17 Melnea Cass Blvd,42.33142,-71.0748
17 Railroad Ave,42.65578,-70.62547
"170 BLU FISET, SOREL, QC J3P3P4",46.04254,-73.10264
1701 Old York Rd,40.13192,-75.11573
1707 Massachusetts Ave,42.44701,-71.22606
"171 Blvd Arthur Sauve, St. Eustache, QC J7P2A5",45.56152,-73.89451
171 Watertown Street,42.36232,-71.1932
"1730 ROYAL BLVD, SHAWINIGN, QC G9N8S8",46.55517,-72.74799
1739 N. Broad St,40.25589,-75.26885
175 Forest St,42.39067,-71.22225
1750 North Olden Ave.,40.24778,-74.76864
176 Federal St,42.35352,-71.05599
1777 Bridge St,42.68291,-71.30949
1785 Andover St,42.64263,-71.23778
179 Brighton Ave,42.35325,-71.13353
179 Littleton Rd,42.56722,-71.42322
180 Canal St,42.36518,-71.06102
181 Boston Rd,42.58259,-71.29009
182 Cambridge St,42.51093,-71.20073
182 Great Rd,42.48666,-71.41702
1820 Torresdale Ave,40.00567,-75.09586
1821 Bethlehem Pike,40.10923,-75.21405
"1845 RUE ST-ELZAR, LAVAL, QC H7L3N6",45.58764,-73.74489
185 Cambridge Rd,42.46752,-71.17826
185 Woburn St,42.61969,-71.29025
188 Ayer Rd,42.52179,-71.58228
188 Cabot St,42.5475,-70.87939
188 Haverhill St,42.70639,-71.20046
1886 Revere Beach Pkwy,42.40249,-71.04994
190 Amherst St,42.77535,-71.49011
1902 Central Ave Se,35.08111,-106.6254
1918 Dover Rd,43.2285,-71.36227
192 Elm St,42.8443,-70.89524
1931 W Northern Ave,33.55311,-112.1003
1932 South Willow Street,42.94813,-71.43356
1932 Wellington Road,43.00849,-71.3972
1941 Main St,40.13171,-75.37644
195 Main St,42.55789,-71.18213
1953 E Southern Ave,33.39357,-111.7892
196 Main St,42.48867,-71.10003
1973 Main St,42.58953,-71.20306
1976 Woodbury Ave # 1,43.09377,-70.79417
1980 Commercial St Se,44.92147,-123.0447
1981 N. Olden Avenue Ext,40.25186,-74.7883
199 Lakeside Ave,42.34202,-71.56882
2 Ashleigh Dr,42.89804,-71.33259
2 City Hall Sq,42.35914,-71.05954
2 Fredonian St,42.54416,-71.65505
2 Lexington Ave,42.57723,-70.71196
2 Main St,42.74275,-71.59123
2 Penn Center Plaza,39.95151,-75.16381
2 S Mast St,43.0157,-71.59791
2 Township Line Rd,40.07017,-75.09888
2 Wilson Rd,42.43652,-70.93684
20 Boylston St,42.33126,-71.11826
20 Main St,42.38267,-70.99339
20 North St,42.36073,-71.0562
20 Plaistow Rd,42.81123,-71.10316
"20 RUE DE TOULON, ST-AUGUSTIN DE DESMAURES, QC G3A3A9",46.75263,-71.43107
"20 Smith South Blvd, Thetford Mines, QC G6G1M7",46.08613,-71.3053
20 W Lancaster Ave,40.04177,-75.48472
200 Seaport Blvd,42.35018,-71.04173
200 Terminal B Ste 2153,42.36216,-71.01841
200 West Camden Ave,39.95702,-74.98419
2001 Chestnut St,39.95225,-75.17372
2001 Coit Rd,33.02663,-96.7702
201 Alewife Brook Pky,42.38951,-71.14285
201 Canal St,42.50669,-70.89593
201 N Circle Dr,38.8359,-104.7758
2013 Revere Beach Pky,42.40329,-71.05413
"2020 UNIVERSITY, MONTREAL, QC H3A2A5",45.50425,-73.5719
2021 Notingham Way,40.23288,-74.70917
20229 N 67th Ave,33.67018,-112.2028
2025 S Broad St,39.92517,-75.16932
205 Main St,42.61322,-70.66045
2085 Pennington Rd,40.2764,-74.78088
209 N Harvard St,42.36285,-71.13029
2096 Commonwealth Ave,42.3478,-71.24764
21 Summer St,42.41945,-71.15287
210 Andover St,42.54289,-70.94209
210 Harvard Ave,42.34986,-71.13051
210 West Lancaster Avenue,40.04065,-75.54026
211 Lowell St,42.53955,-71.15038
2112 County Line Rd,40.15434,-75.0427
212 Main St,42.46864,-71.45635
213 Daniel Webster Highway,42.71445,-71.44283
213 Daniel Webster Hwy,42.71445,-71.44283
213 Gonic Rd,43.25542,-70.9793
214 N Beacon St,42.35601,-71.149
215 Winter St,42.77784,-71.08572
216 Elm St,42.98088,-71.46329
22 Beacon St,42.35802,-71.06208
22 W Broadway,42.3426,-71.05646
220 Broadway,42.38961,-71.08869
221 W. Hunting Park Ave,40.01447,-75.13036
222 Broadway,42.3664,-71.09409
222 W Main St,40.196,-75.46977
223 Groton Rd,42.61152,-71.45704
223 Lowell Rd,42.73183,-71.4255
224 Elliott St,42.55646,-70.8883
2240 18 West Route 70,39.9337,-75.02919
225 E State St,40.22022,-74.76116
225 Essex St,42.70782,-71.15923
225 Main St,42.61057,-71.57454
2297 Brown Ave,42.94426,-71.45232
230 Revere Street,42.38596,-70.97659
"2305 Blvd Industriel, Laval, QC H7S1P8",45.58076,-73.73103
2308 W Passyunk Ave,39.9223,-75.18612
2318 N. Front St,39.98516,-75.13232
2321 Pottstown,40.17008,-75.66471
2327 Cottman Ave(Kk),40.04797,-75.06019
234 Everett Ave,42.39841,-71.04072
234 Washington St,42.37832,-71.56505
235 Old Connecticut Path,42.30688,-71.40171
235 Washington St,42.35824,-71.05821
"2360 Ch. Des Patriotes, Notre Dame De Bonsecours, QC J0E1H0",45.40417,-72.32726
2360 Washington St,42.32919,-71.08466
238 Pleasant Street,42.67062,-71.49727
24 Merrimack St,42.64534,-71.3079
240 Middlesex Tpke,42.50091,-71.22924
240 S Easton Rd,40.09747,-75.15676
241 Maple St,42.59615,-70.99111
242 Daniel Webster Highway,42.70947,-71.44156
244 Elm St,42.39518,-71.12197
2445 Brown Ave,42.94187,-71.45232
245 Eddy Rd,42.9998,-71.47569
245 Pleasant St,42.4274,-71.07411
2451 Lincoln Hwy # Us,40.12211,-74.97619
2460 Lafayette Rd,43.03319,-70.78399
248 Highland Ave,42.50462,-70.92169
2480 Massachusetts Ave,42.39852,-71.13194
249 R. North Main St,42.28234,-71.34998
"2491 CHEMIN STE-FOY, STE-FOY, QC G1V1T7",46.78395,-71.28815
2501 Burlington Mt Holly Rd,40.03848,-74.828
"2520 CURE-LABELLE BLVD, LAVAL, QC H7T1R7",45.56179,-73.77415
2530 Aramingo Ave,39.97721,-75.1196
256 Ayer Rd,42.55142,-71.53643
256 Boston St,42.32092,-71.06113
259 Lincoln Ave,42.76411,-71.03818
259 Main St,42.48443,-71.1004
26 Broad St,42.83084,-70.997
260 Amherst St,42.77858,-71.49758
260 S Main St,42.5757,-70.99557
2601 Egypt Rd,40.13091,-75.40236
2618 Easton Rd,40.14114,-75.11748
264 Main Dunstable Rd,42.74132,-71.49557
265 Franklin St,42.35659,-71.05355
2654 S 18th St,39.91833,-75.17774
"267 BOUL. ARTHUR SAUVE, STE-EUSTACHE, QC J7P4X4",45.56093,-73.89862
267 Central St,42.39232,-71.61143
268 Summer St,42.35034,-71.05016
269 E Main St,42.35103,-71.53426
270 Loudon Rd # 1240,43.22447,-71.48884
270 N Country Club Dr,33.42049,-111.8401
2701 N Mesa St,31.77683,-106.5034
2701 N. Broad St,39.99401,-75.15432
272 Highland Ave,42.50356,-70.92349
273 Salem St,42.52619,-71.08662
2747 E Indian School Rd,33.49491,-112.0226
275 Parkway Avenue,40.23993,-74.77537
276 Beacham St,42.39534,-71.05058
28 Main St,42.65074,-71.66453
28 W River Rd,43.04056,-71.46992
28 Winn St,42.49105,-71.17386
280 New Lancaster Rd,42.49757,-71.73057
2803 S Broad St,40.19059,-74.71119
2804 Township Line Rd,39.96492,-75.30229
2805-2809 S. Front St,39.91218,-75.15029
2806 Mt. Ephraim Ave,39.90805,-75.09729
282 Derby Street,42.52036,-70.89137
282 Mystic Ave,42.40567,-71.10141
282 Somerville Ave,42.37907,-71.09457
283 Huntington Ave,42.34175,-71.08657
283 Middlesex Ave,42.41267,-71.07899
285 Route 130 S,39.99014,-75.00629
2875 Lafayette Rd,43.02768,-70.79062
29 S Main St,42.59382,-71.01539
290 Central St,42.64147,-71.30806
2901 Abbotsford Ave,40.0159,-75.17578
2901 Hulmville Rd,40.09471,-74.94576
2910 N Hayden Rd,33.48065,-111.909
293 Main St.,42.5944,-71.119
299 Main St,42.47621,-71.45147
2998 A Welsh Rd,39.95151,-75.16381
3 Central St,42.52715,-70.92709
3 Elm St,42.50171,-71.15891
3 Forge Village Rd,42.57914,-71.52037
30 Commercial St,42.40906,-71.08832
30 Manchester Rd,42.89825,-71.33477
30 Richboro Newtown Rd,40.22764,-74.94121
30 Squire Rd,42.42152,-71.0058
300 Erie Ave,40.00689,-75.12257
300 Main St,42.75303,-71.46165
300 Ocean Avenue,42.40758,-70.99202
"3000 RUE MASSON, MONTREAL, QC H1Y1X6",45.54869,-73.57453
301 Newberry St,42.58667,-70.96578
3030 E Main St,36.74529,-108.1652
304 Sandown Rd,42.89364,-71.14466
308 Bristol Pike,40.09355,-74.91147
308 Daniel Webster Hwy,42.84017,-71.49106
308 Great Rd,42.48671,-71.26295
"3085-C STE-MARIE BOULEVARD, MASCOUCHE, QC J7K1P2",45.74624,-73.60093
309 Lowell St,42.64915,-71.18276
31 Bridge St,42.53398,-70.8875
31 E Germantown Pike,40.14008,-75.30998
310 Daniel Webster Highway,42.7029,-71.44066
3100 Quakerbridge Rd,40.24656,-74.68686
3101 Marne Hwy,39.97859,-74.87082
315 Bridge St,42.64937,-71.30403
315 N. York Rd,40.18195,-75.10524
315 West Hollis St,42.75097,-71.48624
316 Lowell St,42.53881,-71.13904
317 Woburn St,42.44924,-71.19882
318 Broadway,42.4035,-71.05906
318 E Lincoln Hwy,40.02878,-75.62077
318 Main St,42.61407,-71.5782
318 Montvale Ave,42.47971,-71.11991
320 Beverly Rancocas Rd,40.02783,-74.90808
"320 Rue St. Joseph Est., Quebec, QC G1K8G5",46.81384,-71.22612
320 S Wayside Dr,29.73417,-95.3074
3200 Red Lion Rd,40.08146,-74.99447
321 Main St,42.55073,-71.17725
3211 Route 38 West,39.97011,-74.88359
3216 N. Broad St.,40.00196,-75.15299
3224 N Classen Blvd,35.50204,-97.5342
323 N. Main St,42.62075,-71.05238
325 Washington St,42.49641,-71.12468
329 Derry St,42.81912,-71.41363
329 Spring Garden,39.96099,-75.14388
330 Boston Post Rd,42.34901,-71.51677
330 Brookline Ave,42.34053,-71.10528
330 Congress St,42.35103,-71.04936
330 W Oregon Ave,39.91441,-75.15374
330 W Route 130,40.07097,-74.8643
3313 Wharton St,39.9382,-75.1981
3320 Grant Ave Unit 18b,40.06874,-75.00687
333 Lynnway,42.45793,-70.94967
333 Newbury St,42.3487,-71.08657
334 Easton Rd,40.22191,-75.14011
337 Great Rd,42.4856,-71.2612
337 Worcester St,42.30248,-71.33832
339 Main St,42.47288,-71.03643
339 Speen St,42.30534,-71.38204
34 William Kelly Sq,42.37509,-71.03897
342 Broadway,42.71079,-71.17338
343 Loudon Rd,43.22934,-71.48189
3437 Walnut St,39.95299,-75.19269
344 Washington St,42.49726,-71.12526
345 Bennett Hwy,42.44505,-71.0253
345 Washington St.,42.35675,-71.18764
348 Main St,42.45215,-71.06722
349 Great Road,42.4848,-71.26051
349 N Main St,42.67284,-71.15075
34a Rte 130 South,40.07113,-74.86526
35 Lincoln Ave,42.4583,-70.98974
35 Squire Rd,42.42189,-71.00574
35 Washington St.,42.47017,-70.95788
350 Longwood Ave,42.33868,-71.10713
3501 Aramingo Ave,39.99216,-75.09904
3519 W Glendale Ave,33.53851,-112.1349
352 Lafayette St,42.5042,-70.89031
356 Eastern Ave.,42.39825,-71.02053
"3585 HOCHELAGA, MONTREAL, QC H1W1H9",45.54695,-73.55136
"3587 Harvey Blvd, Jonquiere, QC G7X3B5",48.41224,-71.23226
36 Maple St,42.56621,-70.93647
36-38 Lowell Street,42.76544,-71.24027
360 Huntington Ave,42.34006,-71.08895
360 Jacksonville Rd,40.19255,-75.08743
3601 Rt 38,39.9664,-74.91852
3610 Bristol Rd,40.13876,-74.9482
3612 N May Ave,35.50621,-97.5655
362 Middlesex Ave,42.56886,-71.15981
363 Tremont Street,42.3487,-71.06701
364 Boston Ave,42.41081,-71.12033
364 Lynnway,42.45698,-70.95041
369 Lafayette Rd,42.9389,-70.83821
369 Mass Ave,42.41235,-71.14863
3705 Frederick Ave,39.77682,-94.8029
3705 Germantown Ave,40.00944,-75.15071
372 Washington Ave,42.40498,-71.03574
373 Waltham St,42.43678,-71.23497
376 W. Uwchlan,40.03228,-75.67849
378 Boston Post Rd,42.36216,-71.41761
379 Alewife Brook Pky,42.41346,-71.13109
"380 MARAIS, VANIER, QC G1M3A2",46.82811,-71.28229
380 S Broadway,42.75102,-71.20577
381 Main St,42.62069,-71.26067
381 Portsmouth Ave,43.04035,-70.82782
384 Trapelo Rd,42.38564,-71.18462
3850 Mystic Valley Pkwy,42.40567,-71.09351
386 Main St,42.50335,-71.07014
392 Hooksett Rd,43.0237,-71.37118
395 Ocean Blvd,42.91728,-70.80615
395 W Trenton Ave,40.2093,-74.79848
4 Jean Ave,42.62234,-71.35962
4 Main St,42.98374,-71.47416
4 Paradise Rd,42.48628,-70.90049
4 West St,42.50854,-71.12415
40 Beach St,42.57358,-70.77005
40 Jackson St,42.72404,-71.16003
400 E. Baltimore Pike,39.91578,-75.38301
4001 New Rodgers Rd,40.13255,-74.88418
4009 San Mateo Blvd Ne,35.1275,-106.5868
401 Watertown St,42.3602,-71.20237
4015 Veterans Memorial Blvd,30.00482,-90.1749
4017-59 N. 5th St,40.0123,-75.13566
4022 N Oracle Rd,32.27968,-110.9781
4046 Woodhaven Blvd,40.08554,-74.97062
"4060 CH. DE LA/COTE-DE-LIESSE, VILLA MONT-ROYAL, QC H4N2P7",45.50621,-73.6635
407 Amesbury Rd,42.8045,-71.05005
409 Main St,42.48024,-71.15133
41 Enon St,42.58672,-70.88517
41 Nashua Rd,42.86476,-71.34865
410 Lalor St,40.19854,-74.75253
411 Cabot St,42.55921,-70.88247
4130 E Thomas Rd,33.48052,-111.9927
415 Summer St,42.34652,-71.04284
416 N 63rd St #36,39.96926,-75.24558
417 S Main St,43.17714,-71.52991
417 Washington St Suite M,42.35628,-71.0598
42 Daniel Webster Hwy,42.79883,-71.47363
42 Hamilton St,42.46551,-71.00617
42 Lafayette Rd,42.96646,-70.83561
42 Main St,42.764,-71.46658
42 Market St,42.46376,-70.95009
"4207 Rue Bernard Pillon, St Mathieu De Beloeil, QC J3G4S5",45.58124,-73.27817
422 Main St,42.39459,-71.54825
424 Main St,42.42687,-71.06717
425 Revere Beach Blvd,42.42443,-70.98295
426 Washington St,42.35553,-71.06012
4268 Ridge Ave,40.00965,-75.19629
427 S Stark Hwy,43.04353,-71.68075
429 Highland Ave,42.49476,-70.93335
43 Allenstown Rd,43.12446,-71.44289
430 Salem St,42.42274,-71.09224
430 Stuart St,42.34854,-71.07512
434 Mass Ave,42.34096,-71.08201
435 Essex St,42.70661,-71.16442
435 Newbury Street,42.59928,-70.96006
4370 E Lucas Dr,30.1179,-94.1448
44 Dodge St,42.57649,-70.89158
44 Great Rd,42.4751,-71.40886
44 Portsmouth Ave,43.00256,-70.91967
440 Middlesex Rd,42.69616,-71.43838
4400 Nw 39th St,35.51103,-97.5991
4416 Wyoming Blvd Ne,35.12981,-106.551
443 Chelmsford St,42.62795,-71.32242
443 Lafayette Rd,42.88718,-70.87107
448 Main St,42.37069,-71.19522
45 Storey Ave,42.81997,-70.90896
450 Broadway,42.73713,-71.19485
450 Highland Ave,42.49349,-70.93435
450 Paradise Rd,42.4822,-70.90223
"4501 WELLINGTON ST, VERDUN, QC H4G1W8",45.45923,-73.56737
451 Massachusetts Ave,42.59541,-71.75045
454 Main St,42.52126,-71.10342
"4540 Jean-Talon St, St Leonard, QC H1S1K2",45.57094,-73.58761
455 S. Broadway,39.88806,-75.12072
456 Main Street,42.5369,-71.74568
457 Brookline Ave,42.33767,-71.10888
459 Boston Road,42.5563,-71.26714
46 Toll Rd,42.86831,-70.88093
"460 Boulevard Labelle, Laval, QC H7P2P1",45.55552,-73.68759
460 King St,42.54586,-71.47469
464 Lowell St,42.70327,-71.21525
4676 E Grant Rd,32.25048,-110.8927
47 E. State St.,40.22,-74.76509
470 Lynn Fells Pkwy,42.46392,-71.06219
470 Route 101,42.91214,-71.5562
4700 N Broad St,40.02475,-75.14806
471 Amherst St,42.79135,-71.51995
"471 BOUL DES LAURENTIDES, ST ANTOINE, QC J7Z4L9",45.76288,-73.99315
4727 E Bell Rd,33.6403,-111.9795
477 Beach St,42.40981,-70.99869
478 Broadway,42.39327,-71.03362
482 W Broadway,42.33576,-71.04592
486 High St,42.42104,-71.13284
49 Mount Auburn St,42.36608,-71.18218
49 River St,42.36873,-71.21801
"490 ST JOSEPH BOULEVARD, DRUMMONDVILLE, QC J2C2B7",45.8942,-72.51609
495 Chelmsford St,42.62663,-71.323
498 Mystic Ave,42.39671,-71.09081
5 3rd St,42.37228,-71.07978
5 Ayers Village Rd,42.79188,-71.18409
5 Bennington St,42.3973,-70.99223
5 Cambridge Park Drive,42.39481,-71.14084
5 Crystal Ave,42.88352,-71.32449
5 E Crescent Blvd,39.92119,-75.08743
5 East St,42.612,-71.23343
5 Macdade Blvd,39.91822,-75.26493
5 Waltham St,42.43233,-71.44925
50 Broadway,42.39645,-71.06563
50 Independence Way,42.54967,-70.94108
50 Leominster Rd,42.44245,-71.75288
50 S Broadway,42.6985,-71.16384
50 Western Ave,42.48666,-70.93939
500 Groton Rd,42.62578,-71.421
5001 Rising Sun Ave,40.0265,-75.12141
504 Broadway,42.3973,-71.10475
505 Old York Rd,40.09906,-75.12612
"505 RUE ST. CATHERINE E., MONTREAL, QC H2L2C9",45.51471,-73.55956
508 Lincoln Ave,42.44823,-71.00982
509 Cambridge St,42.3532,-71.13877
510 Harvey Rd,42.93488,-71.42529
510 Southampton St,42.32972,-71.0579
5100 City Ave,39.99777,-75.23355
511 Germantown Pike,40.11549,-75.28597
514 Daniel Webster Hwy,42.87329,-71.48979
515 Loudon Rd (Rt. 106),43.21938,-71.49992
515 Pawtucket Blvd.,42.64094,-71.35279
517 Concord Ave,42.38755,-71.14195
519 Somerville Ave,42.38325,-71.10591
52 Church St,42.38712,-71.19039
"5200 BOUL. COUSINEAU, SAINT-HUBERT, QC J3Y3K8",45.50168,-73.42352
521 W 23rd St,38.94277,-95.2408
5233 Torresdale Ave #45,40.0133,-75.06925
524 Broadway,42.40938,-71.05366
5245 Marleton Pike,39.9328,-75.06538
526 Central Ave,43.19935,-70.87515
527 Lowell St,42.54543,-70.98083
5272 Frankford Ave #8,40.02311,-75.07731
53 Church St,42.94627,-71.05763
53 Linden St,42.37875,-71.22336
53 Revere Beach Pkwy,42.40413,-71.0792
530 Commonwealth Ave,42.34864,-71.09611
532 W. Lehigh Ave #46,39.99216,-75.1417
533 Broadway,42.48321,-71.02016
5346 E 22nd St,32.20664,-110.8781
"535  ARTHUR SAUVE BLVD, ST EUSTACHE, QC J7P4X4",45.5721,-73.91251
535 Chickering Rd,42.69521,-71.11922
538 Main St,42.45205,-71.13681
539 S Broadway,42.74196,-71.19835
54 Main St,42.34721,-71.54459
540 Squire Rd,42.43042,-71.0208
5401 N 5th St,40.0335,-75.131
5406 Bellaire Blvd,29.70572,-95.4749
543 Amherst St,42.79633,-71.52885
546 1st Nh Tpke,43.20936,-71.17995
549 Doylestown Rd,40.26452,-75.22958
55 Crystal Ave,42.89142,-71.32682
5502 4th St Nw,35.13804,-106.6414
5506-12 Chestnut St,39.95909,-75.23143
554 2nd Street Pike,40.1705,-75.04514
555 Lincoln Highway,40.19085,-74.83266
555 North Shore Rd,42.42889,-70.98179
"555 St Charles Borromee, Joliette, QC J8E4S6",46.03679,-73.44231
556 Nashua St,42.82368,-71.62621
56 Concord Rd,43.14847,-71.00288
"5625 GRANDE-ALLEE, BROSSARD, QC J4Z3G3",45.47508,-73.4439
564 Broadway,42.47579,-71.02329
57 Eastern Ave,42.4239,-71.06553
57 Rockingham Rd,42.81886,-71.25177
570 Mast Rd,42.99932,-71.51597
5701 Germantown Ave,40.03599,-75.17472
5753 Wayne Ave,40.03228,-75.1796
577 Walnut St,42.47409,-70.98974
579 Andover St,42.69049,-71.17238
58 Broadway,42.71917,-71.18011
"5825 Henri Bourassa West, Montreal, QC H1G2V1",45.60532,-73.62423
586 Main Street,42.5431,-71.16867
590 West Street Rd,40.20527,-75.09766
5901 Rising Sun Ave,40.04399,-75.10243
591 Moody St,42.36608,-71.23825
6 Bell Ave,43.029,-71.4405
6 Colby Cor,42.89094,-71.14058
6 Horse Corner Rd,43.24318,-71.40515
6 Kugler Rd,40.2368,-75.53602
6 Lord Sq,42.68461,-70.84404
6 Thatcher St.,42.61841,-70.63957
6 Washington St,42.57501,-71.07199
60 Everett St,42.35569,-71.13877
"600 BOULEVARD LAURIER LOCAL E9, BELOEIL, QC J3G4J2",45.56071,-73.20818
601 Donald Lynch Blvd,42.35447,-71.61233
6017 N Broad St,40.04468,-75.14329
"605 RUE THIBEAU, CAP-DE-LA-MADELEINE, QC G8T6Z6",46.37821,-72.54042
607 E Market St,39.9637,-75.59591
608 S Union St,42.68615,-71.15255
61 Main St,42.86926,-70.88347
61 Portsmouth Ave,42.9847,-70.93801
61 S Union St,42.70046,-71.15361
6110 Woodland Ave,39.92888,-75.22937
612 Middlesex Tpke,42.53319,-71.26295
"6130 Sherbrooke West, Montreal, QC H4A1Y3",45.57867,-73.54547
614 Broadway,42.78425,-71.12531
616 Massachusetts Ave,42.33709,-71.07745
616 Massachusetts Ave,42.36507,-71.10353
619 Broadway,42.4415,-71.03102
6190 N Front St,40.04426,-75.11976
6191 Ridge Ave,40.03551,-75.21707
62 Manchester St,43.19108,-71.51364
62 Montvale Ave,42.48125,-71.10787
62 State St,42.80974,-70.87054
"620 Avenue Atwater, Montreal, QC H4C2G6",45.48302,-73.57916
620 Fellsway,42.40721,-71.08296
626 Great Rd,42.43461,-71.53039
630 E Fillmore St,38.87425,-104.8129
630 Washington St.,42.35209,-71.06245
631 Southmore Ave,29.69084,-95.2055
632 Main St,42.49704,-71.06913
6323 Castor Ave,40.03827,-75.07832
634 Market St,39.95061,-75.15108
6343 Keystone St,40.01813,-75.05076
"637 32ND AVENUE, LACHINE, QC H8T3G6",45.44058,-73.69252
6391 Oxford Ave,40.04526,-75.08828
6401 Roosevelt Blvd,40.03488,-75.0692
6409 Torresdale Ave #13,40.02163,-75.05145
"6430 RUE ST-DENIS, MONTREAL, QC H2S2R8",45.53368,-73.60431
647 Boston Rd,42.5413,-71.2488
649 Squire Rd,42.43122,-71.02239
65 Jfk St,42.37377,-71.11906
651 Rogers St,42.63087,-71.28198
653 E Broad St,40.31408,-75.31247
654 Neshaminy Mall,40.13653,-74.95626
655 Salem St,42.43307,-71.04703
656 Suncook Valley Hwy,43.29999,-71.34733
66 E Main St #68,42.7216,-70.98751
6606 E Mckellips Rd,33.45188,-111.6878
6608 Frankford Ave,40.0309,-75.05473
6620 N. Broad St,40.05401,-75.1416
6660 Delmonico Dr,38.92883,-104.8307
67 Main St,42.49779,-71.10104
672 Lowell St,42.54962,-71.00712
68 Boston St,42.51936,-70.90981
681 Boston Post Road,42.34992,-71.50479
6830 S. Crescent Blvd,39.93704,-75.07625
692 Cochituate Rd,42.30852,-71.38443
7 Acton Rd,42.59504,-71.35348
7 Commercial Street,42.41055,-71.08842
7 Dover St,43.13389,-70.91951
7 Exeter Rd,43.03568,-71.06913
7 Freetown Rd,43.03706,-71.16331
7 Longhill Rd,43.03992,-71.19358
7 Post Office Sq,42.51432,-71.01306
70 E India Row,42.35813,-71.05069
70 Storey Ave,42.81981,-70.90997
"70 Wellington North, Sherbrooke, QC JIH5B8",45.40257,-71.89104
700 N Zaragoza Rd,31.70408,-106.3187
700 Pleasant St,42.36714,-71.2134
7000 Chester Ave,39.92368,-75.24532
7000 W Military Dr,29.40834,-98.6292
701 E Chelton Ave,40.04447,-75.16614
701 Market St,39.95103,-75.15215
701 Salem St,42.67088,-71.08673
702 White Horse Pike,39.9099,-75.0834
709 Mcgrath Hwy,42.39046,-71.08715
71 Essex Ave,42.612,-70.68144
7104 Ridge Ave,40.04457,-75.23059
711 E Broadway Rd,33.40751,-111.9277
712 N Lansdowne Ave,39.95818,-75.28735
715 Boylston St,42.34949,-71.07994
717 E Girard Ave,39.97196,-75.12565
720 Lafayette Rd.,42.89597,-70.87054
7221 Torresdale Ave,40.02936,-75.03623
725 Milford Rd,42.80354,-71.55117
727 S Main St,42.7586,-71.09839
"7275 Sherbrooke East,Local 3, Montreal, QC H1N1E9",45.59012,-73.53905
729 Boston Rd,42.53504,-71.23847
7300 Rising Sun Ave,40.06217,-75.08356
733 Turnpike St,42.66065,-71.10893
733 W Lancaster Ave,40.01972,-75.31448
736 Cambridge St,42.34949,-71.14837
74 Plaistow Rd.,42.83094,-71.10798
75 3rd Ave,42.39475,-71.26067
75 Main St.,42.46837,-71.14805
75 Middlesex Tpke,42.47574,-71.21366
75 Old Colony Ave,42.33592,-71.05609
750 Mast Rd,42.99047,-71.50013
750 Washington St,42.35013,-71.0633
7500 Frankford Av,40.03864,-75.03623
7501 Highway 6 N,29.8864,-95.6441
7512 Bustleton Ave,40.05131,-75.05706
7520 City Line Ave,39.97981,-75.26975
755 Main St,42.79724,-71.08811
76 Main St.,42.52842,-71.75845
76 Middlesex Ave,42.39348,-71.08349
7601 Lindbergh Blvd,39.90513,-75.23758
764 Elm St,42.84213,-71.71351
766 Highway 33,40.23092,-74.67615
"7721 TASCHEREAU BLVD, BROSSARD, QC J4Y1A3",45.45327,-73.46607
78 Sheffield St.,42.93901,-71.42603
784 River St,42.77105,-71.11466
79 Andover St,42.5528,-70.96006
"795 FIRESTONE BLVD, JOLIETTE, QC J6E2W4",46.03679,-73.41907
797 Main St,42.45915,-71.13983
7970-80 Dungan Road,40.06789,-75.06835
"7995 HENRI-BROUSSA BLVD E, MONTREAL, QC H1N1N9",45.58011,-73.53768
8 Broadway,42.5025,-71.01481
8 Harvard St,42.33343,-71.11906
8 Lancaster St,42.5236,-71.75845
"8 Liberty Sq, East Stroudsburg, PA 18301",41.0572,-75.1211
8 Park Plz,42.35156,-71.06828
8 Stiles Rd,42.77503,-71.25002
8 Whtie Ave,42.97484,-71.51401
80 Boston St,42.47579,-70.95746
80 Boylston St,42.35225,-71.06505
80 Chelmsford Rd,42.58656,-71.30408
80 Drum Hill Rd,42.62414,-71.3628
80 Macy St,42.84663,-70.91495
800 Bustleton Pke,40.20734,-75.01148
8000 Pine Rd,40.07738,-75.08531
"8005 Rue Langelier, Montreal, QC H1P2X6",45.59488,-73.58159
801 N Olden Ave,40.2367,-74.74786
802 Lafayette Rd,43.05126,-70.77074
802b Woodlane Road,40.01166,-74.80256
803 W Centerville Rd,32.86111,-96.6427
"8035 AVENUE DES EGLISES, CHARNY, QC G6X1X6",46.72295,-71.26677
804 N Main St,42.55709,-71.77175
8041 N Mesa St,31.84102,-106.5785
806 W Colorado Ave,38.83385,-104.8396
808 Chestnut St,39.94949,-75.15421
809 S. Broad St,39.94048,-75.16603
81 Cheltenham Ave,40.04972,-75.11589
81 Hamilton St,40.2164,-74.67313
81 Tyngsboro Rd,42.64343,-71.38941
810 Welsh Rd,40.1766,-75.17605
813 Adams Ave,40.02613,-75.09713
814 Fm 1960 Rd W,30.01674,-95.4441
819 Western Ave,42.45978,-70.96901
82 Lafayette Rd,42.97669,-70.83482
8250 Ogontz Ave,40.0777,-75.15978
8275 W Lake Pleasant Pkwy,33.67075,-112.2393
829 Washington St,42.35177,-71.20709
8298 Bustleton Ave,40.06471,-75.05171
83 Everett Ave,42.3938,-71.03897
8333 Bristol Pike,40.14093,-74.81787
839 N Broad St,39.96926,-75.15978
84 Massachusetts Ave,42.35919,-71.09399
84 Route 101a,42.8116,-71.58127
"845 STE-CATHERINE,EAST 201, MONTREAL, QC H2L4M4",45.51566,-73.55891
847 Dorchester Ave,42.32193,-71.05699
85 Wilmington Rd,42.52996,-71.20566
"850 ST-MAURICE, TROIS RIVIERES, QC G9A3P6",46.35173,-72.54669
855 Candia Rd,42.98459,-71.41284
859 Main St,42.37642,-71.24541
86 Broadway,42.49641,-71.0156
8621 New Falls Rd,40.17241,-74.83383
876 Edgell Rd,42.32845,-71.4361
876 Lexington St,42.40535,-71.23433
88 Derry Rd,42.77476,-71.44474
880 Main St,42.50632,-71.16045
881 W. Butler Pike,40.14045,-75.24309
8902 Frankford Ave,40.05078,-75.01021
891 Lancaster Ave,40.0486,-75.41487
"8950 Lacroix Blvd, Ville St. Georges, QC G5Y2B5",46.13076,-70.69681
"8960 SHERBROOKE STREET EAST, MONTREAL, QC H1L1C7",45.60655,-73.52895
90 American Legion Highway,42.41166,-71.00288
"90 ROUTE 2011, HUDSON, QC J0P1H0",45.44806,-74.14041
90 W River Rd,43.04814,-71.46075
90 Washington St,42.3814,-71.08477
901 W Chester Pike,39.97181,-75.31109
903 Broadway,42.42072,-71.04358
904 E University Blvd,32.23167,-110.9578
9114 Dyer St,31.87044,-106.4278
917 W Girard Ave # 31,39.97064,-75.15209
9173 Roosevelt Blvd,40.07595,-75.03284
92 Newbury St,42.56563,-70.97559
920 N 11th St,30.0898,-94.1298
921 Beech St,43.00738,-71.45773
9240 State Rd,40.04638,-74.99405
93 Main St,42.65398,-71.13904
932 Lynnfield St,42.51183,-70.9926
936 Broadway,42.40064,-71.02154
937 Easton Rd,40.11708,-75.13715
939 E Main St,40.10886,-75.32625
940 Andover St,42.64613,-71.27053
947 2nd St,42.9679,-71.48009
9490 Blue Grass Rd,40.07616,-75.02526
951 Bennington St,42.38617,-71.00776
951 Worcester St,42.30476,-71.32268
"965 DE BOURGOGNE AVE, SAINTE-FOY, QC G1W2L4",46.76628,-71.31109
97 Main St,42.57506,-71.11052
98 Indian Rock Rd,42.80863,-71.27122
980 Eastern Ave,42.43032,-71.04226
982 Osgood St,42.71328,-71.11847
9834 Bustleton Ave,40.09137,-75.03274
99 Cambridge St,42.38246,-71.07904
99 Charles St,42.42364,-71.0712
99 High St,42.55932,-70.93107
99 Old Rockingham Rd,42.80328,-71.24419
"99 Route 235, L&amp;apos;Ange-Gardien, QC JOE1EO",46.91727,-71.08972
99 Winthrop Ave,42.68991,-71.14974
99 Winthrop Ave,43.02895,-71.07438
99 Winthrop Ave,42.68991,-71.14974
"990 ROUTE MARIE-VICTORIN, TRACY, QC J3R1L3",46.03994,-73.12818
9900 Frankford Ave,40.06307,-74.98641
Banknorth Garden,42.36571,-71.06267
Boston Medical Center,42.33529,-71.07433
Dunkin Donuts,43.0507,-71.4376
Dunkin Donuts,33.62923,-83.97833
Dunkin Donuts - 10 Oak St Ext,42.10003,-71.06622
Dunkin Donuts - 1407 Hwy 20 W.,33.42378,-84.18488
Dunkin Donuts - 2115 E Main St,33.85598,-84.00131
Dunkin Donuts - 3153 Highway 278 NE,33.60284,-83.85824
Dunkin Donuts - 4152 Atlanta hwy,33.8445,-83.90949
Dunkin Donuts - 4760 Memorial Dr.,33.78482,-84.23542
Dunkin Donuts - 5161 Highway 78,33.81144,-84.14825
Dunkin Donuts - 5410 N Henry Blvd.,33.54998,-84.25505
Dunkin&apos; Donuts,36.91037,-76.07483
Dunkin&apos; Donuts,36.86506,-76.40991
Dunkin&apos; Donuts,36.91696,-76.20666
Dunkin&apos; Donuts,36.88703,-76.30245
Dunkin&apos; Donuts,36.8211,-76.31103
Dunkin&apos; Donuts,36.8631,-76.13388
Dunkin&apos; Donuts,36.83759,-76.18023
Dunkin&apos; Donuts,36.79718,-76.32614
Dunkin&apos; Donuts,36.96964,-76.4154
Dunkin&apos; Donuts,37.11981,-76.52938
Dunkin&apos; Donuts,36.79994,-76.22486
Dunkin&apos; Donuts,37.15375,-76.46209
Dunkin&apos; Donuts,37.13678,-76.51909
Dunkin&apos; Donuts,36.84171,-76.05525
Dunkin&apos; Donuts,37.04202,-76.38245
Dunkin&apos; Donuts,36.81615,-76.1095
Dunkin&apos; Donuts,36.7681,-76.25182
Dunkin&apos; Donuts,37.05408,-76.40717
Dunkin&apos; Donuts,37.15922,-76.55548
Dunkin&apos; Donuts,36.91531,-76.22039
Dunkin&apos; Donuts - 1890 Highway 20 SE,33.63766,-84.01426
Dunkini Donuts,44.57698,-72.59505
Dunkini Donuts,42.63532,-73.11334
Dunkini Donuts,42.70396,-73.18834
Dunkini Donuts,42.67836,-73.10666
Dunkini Donuts,42.70062,-73.10847
Dunkini Donuts,42.85421,-73.34384
Dunkini Donuts,42.47091,-72.61488
Dunkini Donuts,43.45168,-71.57364
Dunkini Donuts,42.88331,-73.19671
Dunkini Donuts,42.90053,-73.21129
Dunkini Donuts,43.27429,-71.46186
Dunkini Donuts,43.45772,-71.56161
Dunkini Donuts,43.45793,-71.56102
Dunkini Donuts,42.58529,-72.61281
Dunkini Donuts,42.60421,-72.59097
Dunkini Donuts,43.59732,-71.72829
Dunkini Donuts,42.6067,-72.57539
Dunkini Donuts,42.55715,-72.28728
Dunkini Donuts,42.58221,-72.25734
Dunkini Donuts,42.86608,-72.61572
Dunkini Donuts,42.83926,-72.56532
Dunkini Donuts,42.58524,-72.20688
Dunkini Donuts,42.85151,-72.54746
Dunkini Donuts,43.22866,-71.48296
Dunkini Donuts,43.46822,-71.46827
Dunkini Donuts,43.1738,-73.06055
Dunkini Donuts,44.41601,-73.2133
Dunkini Donuts,43.22447,-71.48884
Dunkini Donuts,43.51374,-71.4935
Dunkini Donuts,43.22314,-71.48969
Dunkini Donuts,44.4493,-73.20895
Dunkini Donuts,43.52408,-71.46732
Dunkini Donuts,44.45979,-73.20805
Dunkini Donuts,43.31081,-71.61519
Dunkini Donuts,44.47601,-73.21219
Dunkini Donuts,44.46493,-73.18123
Dunkini Donuts,43.64259,-72.11986
Dunkini Donuts,44.48052,-73.21553
Dunkini Donuts,44.44331,-73.12129
Dunkini Donuts,43.55455,-71.45635
Dunkini Donuts,44.46785,-73.17551
Dunkini Donuts,42.88469,-72.557
Dunkini Donuts,44.4476,-73.10608
Dunkini Donuts,42.55868,-71.99075
Dunkini Donuts,43.56298,-71.44649
Dunkini Donuts,44.51126,-73.25104
Dunkini Donuts,43.69643,-71.63793
Dunkini Donuts,44.19644,-72.50236
Dunkini Donuts,44.20004,-72.50464
Dunkini Donuts,43.56664,-71.42566
Dunkini Donuts,42.57146,-71.99435
Dunkini Donuts,44.49806,-73.15765
Dunkini Donuts,44.51141,-73.18436
Dunkini Donuts,44.53627,-73.2478
Dunkini Donuts,43.9219,-72.6648
Dunkini Donuts,44.25532,-72.57539
Dunkini Donuts,44.49615,-73.12421
Dunkini Donuts,42.57628,-71.99865
Dunkini Donuts,43.4529,-71.21605
Dunkini Donuts,43.6605,-71.49626
Dunkini Donuts,43.29342,-70.99705
Dunkini Donuts,44.3539,-72.73683
Dunkini Donuts,43.25828,-71.57957
Dunkini Donuts,43.33328,-71.0076
Dunkini Donuts,44.50278,-73.03151
Dunkini Donuts,43.33444,-70.9741
Dunkini Donuts,43.71233,-71.45418
Dunkini Donuts,43.58524,-71.20661
Dunkini Donuts,44.14821,-72.03426
Dunkini Donuts,44.04305,-71.66973
Dunkini Donuts,43.70147,-71.10819
Dunkini Donuts,43.07988,-74.14891
Dunkini Donuts,44.80207,-73.08827
Dunkini Donuts,43.8328,-71.20799
Dunkini Donuts,44.83381,-73.07921
Dunkini Donuts,44.30482,-71.80355
Dunkini Donuts,44.41919,-72.01576
Dunkini Donuts,44.30726,-71.77499
Dunkini Donuts,43.9582,-71.16835
Dunkini Donuts,44.52053,-72.00082
Dunkini Donuts,44.01359,-71.1004
Dunkini Donuts,44.03235,-71.12097
Dunkini Donuts,44.37277,-71.61159
Dunkini Donuts,44.00065,-70.99753
Dunkini Donuts,44.4952,-71.57449
Dunkini Donuts,44.391,-71.18372
Dunkini Donuts,44.4688,-71.18398
Dunkini Donuts,42.56605,-71.98078
Dunkini Donuts,42.64099,-72.00416
Dunkini Donuts,42.68101,-72.04846
Dunkini Donuts,43.21175,-71.53866
Dunkini Donuts,42.60977,-71.94098
Dunkini Donuts,42.90122,-72.30493
Dunkini Donuts,43.69983,-72.28983
Dunkini Donuts,42.88749,-72.2407
Dunkini Donuts,42.92327,-72.29015
Dunkini Donuts,42.93318,-72.29343
Dunkini Donuts,42.93254,-72.28564
Dunkini Donuts,43.61052,-72.18976
Dunkini Donuts,42.75102,-72.00988
Dunkini Donuts,43.51708,-73.23259
Dunkini Donuts,42.76862,-71.99335
Dunkini Donuts,43.08958,-72.43876
Dunkini Donuts,42.81743,-72.01698
Dunkini Donuts,42.99932,-71.51597
Dunkini Donuts,43.13681,-72.44888
Dunkini Donuts,43.59372,-73.26545
Dunkini Donuts,43.64513,-72.30944
Dunkini Donuts,42.66511,-71.70709
Dunkini Donuts,42.86476,-71.34865
Dunkini Donuts,42.87027,-71.95073
Dunkini Donuts,42.65074,-71.66453
Dunkini Donuts,42.892,-71.94347
Dunkini Donuts,43.39608,-72.70201
Dunkini Donuts,42.61057,-71.57454
Dunkini Donuts,42.98374,-71.47416
Dunkini Donuts,43.00367,-71.3999
Dunkini Donuts,43.64619,-72.34421
Dunkini Donuts,42.61407,-71.5782
Dunkini Donuts,43.04814,-71.46075
Dunkini Donuts,43.29358,-72.47729
Dunkini Donuts,42.72357,-71.66236
Dunkini Donuts,43.60405,-73.00353
Dunkini Donuts,43.6243,-72.32555
Dunkini Donuts,43.41601,-71.9873
Dunkini Donuts,43.58699,-72.9686
Dunkini Donuts,43.61079,-72.9713
Dunkini Donuts,43.50113,-72.13576
Dunkini Donuts,43.62414,-72.97538
Dunkini Donuts,43.34791,-72.3618
Dunkini Donuts,42.94293,-71.4741
Dunkini Donuts,42.98756,-71.42757
Dunkini Donuts,43.28849,-71.83164
Dunkini Donuts,42.98279,-71.43494
Dunkini Donuts,42.80688,-71.56786
Dunkini Donuts,42.7029,-71.44066
Dunkini Donuts,44.01258,-73.16507
Dunkini Donuts,42.80354,-71.55117
Dunkini Donuts,42.71445,-71.44283
Dunkini Donuts,43.37181,-72.32714
Dunkini Donuts,43.37578,-72.32804
Dunkini Donuts,42.75298,-71.46202
Dunkini Donuts,42.99169,-71.47368
Dunkini Donuts,43.11137,-71.91485
Dunkini Donuts,42.88018,-71.48168
Dunkini Donuts,42.96371,-71.44432
Dunkini Donuts,42.91537,-71.38607
Dunkini Donuts,42.83783,-71.49944
Dunkini Donuts,43.63299,-72.31813
"Eaton Centre Montreal #1254, Montreal, QC H3B4G5",45.50281,-73.57034
Harvard Mbta Station,42.37355,-71.119
Hunting Park &amp; G St.,40.01209,-75.11224
Logan Airport,42.36211,-71.01793
Route 128 (North),42.57474,-70.87605